<?xml version="1.0" encoding="UTF-8"?>
<beans xmlns="http://www.springframework.org/schema/beans"
       xmlns:xsi="http://www.w3.org/2001/XMLSchema-instance"
       xmlns:context="http://www.springframework.org/schema/context"
       xsi:schemaLocation="http://www.springframework.org/schema/beans 
           http://www.springframework.org/schema/beans/spring-beans-3.0.xsd
           http://www.springframework.org/schema/context
           http://www.springframework.org/schema/context/spring-context-3.0.xsd">

     <context:annotation-config/>
 

    <bean id="msg" class="day10.mavenannotation.message">
</bean>
 

    <bean id="msgpass" class="day10.mavenannotation.messagePass">
</bean>

<bean id="ad" class="day10.mavenannotation.address">
</bean>

 <bean id="stu" class="day10.mavenannotation.student">
</bean>
 
 <bean id="sal" class="day10.mavenannotation.salary">
</bean>

 <bean id="emp" class="day10.mavenannotation.employee">
</bean>
 
 

</beans>