<?xml version="1.0" encoding="UTF-8"?>
<beans xmlns = "http://www.springframework.org/schema/beans"
   xmlns:xsi = "http://www.w3.org/2001/XMLSchema-instance"
   xsi:schemaLocation = "http://www.springframework.org/schema/beans
   http://www.springframework.org/schema/beans/spring-beans-3.0.xsd">
 
   

   <bean id="s1"  class="newPack.Student">
   <property name="Stuname"  value="anusha"></property>
   </bean>
   
   <bean id="s2"  class="newPack.book">
   <property name="id"  value="09"></property>
   <property name="publisher"  value="anushabhat"></property>
   <property name="price"  value="500"></property>
   </bean>
   
   <bean id="s3"  class="newPack.employee">
   <property name="id"  value="008"></property>
   <property name="sal"  value="40000"></property>
   <property name="add"  value="Coorg"></property>
   <property name="name"  value="Anu"></property>
   </bean>
   
</beans>