<?xml version="1.0" encoding="UTF-8"?>
<beans xmlns = "http://www.springframework.org/schema/beans"
   xmlns:xsi = "http://www.w3.org/2001/XMLSchema-instance"
   xsi:schemaLocation = "http://www.springframework.org/schema/beans
   http://www.springframework.org/schema/beans/spring-beans-3.0.xsd">
 
   

   <bean id="s1"  class="mavenDomo.demoo.student">
   <constructor-arg name="name"  value="anusha"></constructor-arg>
   <constructor-arg name="rollno"  value="008"></constructor-arg>
   </bean>
   
   <bean id="s2"  class="mavenDomo.demoo.book">
   <constructor-arg name="id"  value="09"></constructor-arg>
   <constructor-arg name="publisher"  value="anushabhat"></constructor-arg>
    <constructor-arg name="price"  value="600"></constructor-arg>
   </bean>
   
   
   <bean id="s3"  class="mavenDomo.demoo.employee">
   <constructor-arg name="id"  value="09"></constructor-arg>
   <constructor-arg name="sal"  value="40000"></constructor-arg>
    <constructor-arg name="add"  value="Coorg"></constructor-arg>
     <constructor-arg name="name"  value="anu"></constructor-arg>
   </bean>
   
   <bean id="s4"  class="mavenDomo.demoo.customer">
   <property name="name"  value="anusha"></property>
   <property name="id"  value="40"></property>
    <property name="add"  value="Coorg"></property>
     <property name="phone"  value="7877445566"></property>
   </bean>
   
   
   
   
   </beans>